<?xml version='1.0' encoding='UTF-8'?>
<!DOCTYPE hibernate-configuration PUBLIC
          "-//Hibernate/Hibernate Configuration DTD 3.0//EN"
          "http://www.hibernate.org/dtd/hibernate-configuration-3.0.dtd">
<!-- Generated by MyEclipse Hibernate Tools.                   -->
<hibernate-configuration>

    <session-factory>
        <property name="myeclipse.connection.profile">Mysql8</property>
        <property name="dialect">org.hibernate.dialect.MySQL8Dialect</property>
        <property name="connection.password">root</property>
        <property name="connection.username">root</property>
        <property name="connection.url">jdbc:mysql://localhost:3308/android?useSSL=false&amp;serverTimezone=UTC</property>
        <property name="connection.driver_class">com.mysql.cj.jdbc.Driver</property>
    
    
    	<property name="show_sql">true</property>
    	<property name="hbm2ddl.auto">update</property>
    	<property name="current_session_context_class">thread</property>
    	
    	<mapping class="com.sise.pojo.User"/>
    	<mapping class="com.sise.pojo.Student"/>
    	<mapping class="com.sise.pojo.Course"/>
    	<mapping class="com.sise.pojo.Score"/>
    </session-factory>

</hibernate-configuration>