<?xml version="1.0" encoding="UTF-8"?>
<beans xmlns="http://www.springframework.org/schema/beans"
    xmlns:xsi="http://www.w3.org/2001/XMLSchema-instance"
    xmlns:p="http://www.springframework.org/schema/p"
    xmlns:aop="http://www.springframework.org/schema/aop"
    xmlns:util="http://www.springframework.org/schema/util"
    xmlns:context="http://www.springframework.org/schema/context"
    xmlns:mvc="http://www.springframework.org/schema/mvc"
    xsi:schemaLocation="http://www.springframework.org/schema/beans
    http://www.springframework.org/schema/beans/spring-beans.xsd
    http://www.springframework.org/schema/util
    http://www.springframework.org/schema/util/spring-util.xsd
    http://www.springframework.org/schema/context
    http://www.springframework.org/schema/context/spring-context.xsd
    http://www.springframework.org/schema/mvc
    http://www.springframework.org/schema/mvc/spring-mvc.xsd">
	
    <!-- 开启注解扫描 -->
<!-- 	<context:component-scan base-package="com.sise" />-->
	
	   <!-- 开启注解扫描 -->
	<context:component-scan base-package="com.sise.controller">
		<context:include-filter type="annotation" 
			expression="org.springframework.stereotype.Controller"/>
	</context:component-scan>
	
	<!-- 配置视图解析器 -->
	<bean id="internalResourceViewResolver" class="org.springframework.web.servlet.view.InternalResourceViewResolver">
		<property name="prefix" value="/WEB-INF/pages/"/>
		<property name="suffix" value=".jsp"></property>
	</bean>

	<!-- 开启springmvc框架注解的支持 -->
	<mvc:annotation-driven/>

	
</beans>














